0,0,0,0,0,0,0,0,0,0,0,0,0,0,0,0,0,161,643,1353,1614,1233,348,113,36,10,3,0,0,0,0,0,38,3144,5297,8534,9047,12735,7797,4536,3243,1194,82,0,0,0,0,0,304,8605,9741,13353,14079,20841,15425,9899,9663,8495,1079,0,0,0,0,0,145,8701,9703,12605,16120,26339,20477,13413,13770,21423,4160,59,36,40,23,4,161,10112,8391,9670,13990,25592,24655,17238,18431,33115,5317,124,72,67,62,35,325,13559,8446,9990,13755,24225,24813,18747,23961,33403,6586,200,111,65,40,28,203,19005,17349,18457,21850,30531,25486,18304,17309,8209,3770,208,44,21,19,15,180,16282,18313,19142,20869,30134,25228,18616,18237,10142,3983,249,80,38,24,9,186,12014,8957,10720,14800,26622,25638,18475,24476,31924,4476,181,75,62,54,40,105,9013,8796,9436,13210,25021,24089,17801,19877,34059,3965,109,13,3,6,5,92,11222,11668,12546,15143,25660,20376,12523,12915,18641,3483,0,0,0,0,0,78,12693,9904,10907,11955,18240,13943,9259,9096,6972,822,3,2,0,0,0,42,4530,5076,7560,7794,9699,5812,3088,2079,607,14,1,1,0,0,0,0,38,169,386,388,115,42,34,17,0,0,0,0,0,0,0,0,0,0,0,0,0,0,0,0,0,0,0,0,0,0,0,0,0,0,0,0,0,0,0,0,0,0,0,0,0,0,0,0,161,761,2439,3044,2792,1905,1139,579,114,23,13,2,1,0,0,16,1763,4998,10268,11007,11775,8490,6539,6903,4533,318,124,65,21,18,5,52,5368,10858,16139,18146,25651,17930,10118,10432,11366,322,0,0,0,0,0,77,7002,11553,18806,21632,35318,30078,15622,13535,14907,1343,0,0,0,0,0,73,10298,12447,17928,21718,36837,32353,17467,19511,23188,4043,51,30,20,16,5,371,16206,15144,16373,18708,27839,24060,18302,21200,26345,8394,254,23,11,5,3,357,16816,13027,11710,13670,19243,19711,18953,26688,31398,6662,179,10,11,8,2,237,15571,12227,11265,14394,23115,22646,19628,20810,29615,4274,271,149,92,85,44,163,17258,11065,10625,13190,25292,23750,18050,16926,19302,2515,108,82,87,51,38,219,17593,10588,9331,11597,22904,19986,13148,13209,14681,1570,80,56,50,33,37,97,6461,6256,7364,10413,17325,14005,10404,11915,17664,4817,44,14,2,4,1,74,4567,6058,6343,9188,15862,11058,7511,7180,11626,3184,1,0,0,0,0,89,6090,5624,4827,6592,10873,7375,4871,4152,3451,275,9,3,1,8,1,34,3925,1847,1241,1315,2161,782,294,70,4,0,0,0,0,0,0,0,0,0,0,0,0,0,0,0,0,0,0,0,0,0,0,0,470,121,97,81,72,95,161,133,12,6,3,2,0,2,0,0,1004,1427,1921,2577,7245,5008,1105,678,116,78,62,50,31,19,8,17,2661,3730,5404,6836,14117,13628,3960,2505,388,81,68,49,64,47,25,128,5552,5794,8120,12392,22684,15301,8165,11043,4970,415,234,171,89,72,34,287,4893,7945,15798,22568,34381,21784,11923,11929,7830,760,233,159,110,86,69,6,6530,10407,16177,24739,40262,30200,18939,18472,15348,2793,111,2,2,2,0,47,12603,12672,15247,18484,30471,29281,23262,24003,31443,7023,121,0,0,0,0,72,16789,15703,16975,17712,26389,27050,24352,22499,27985,9588,140,0,0,0,0,55,18655,14362,16809,17813,26562,24269,18414,20523,32731,7315,156,0,0,0,0,90,11220,10885,13165,15791,22825,19868,15503,20564,44007,8243,5,0,0,0,0,146,12861,14225,13473,14770,21929,19416,14104,16695,28729,1308,1,1,0,0,0,246,16076,13078,10935,10775,15856,14945,11909,14860,13260,129,0,0,0,0,0,326,13412,8971,7862,7193,10963,10306,8561,8513,1374,1,0,0,0,0,0,439,6353,3133,2676,2883,3231,2978,1688,693,1,0,0,0,0,0,0,0,0,0,0,0,0,0,0,0,0,0,0,0,0,0,0,0,0,0,0,0,0,0,0,0,0,0,0,0,0,0,0
0,0,0,0,0,0,0,0,0,0,0,0,0,0,0,0,24,535,1307,1746,1490,400,11,1,0,0,0,0,0,0,0,0,31,1598,5226,9084,17099,11545,4487,3375,2855,347,0,0,0,0,0,0,68,1197,4766,11371,29949,25869,11543,9964,14432,2324,1,0,0,0,0,0,86,1192,3041,9522,29483,32699,16517,14305,28905,11248,13,4,3,0,0,0,80,2005,3666,8380,24938,31504,19532,19760,40390,16736,37,20,12,7,1,1,37,2452,4941,8582,22554,31809,22416,25247,45328,14830,50,19,14,13,4,5,28,5438,9916,17718,37353,40343,25383,22658,15130,6647,74,40,28,17,12,7,24,3859,9731,17318,36427,39191,25521,24387,17632,7300,75,40,11,12,6,3,41,2757,4912,8609,23543,31501,20419,24275,49103,13518,20,11,5,8,10,3,67,2048,4026,9045,26972,33090,19386,18024,39683,13088,13,11,15,17,6,7,57,1491,4346,10163,29512,31596,15335,13604,28371,9778,9,4,1,2,0,0,56,1356,4785,10333,25919,24932,10893,9616,13578,2403,3,0,0,0,0,0,2,769,3619,6293,14211,12009,4194,3168,1956,82,0,0,0,0,0,0,3,99,412,444,230,1,0,0,0,0,0,0,0,0,0,0,0,0,0,0,0,0,0,0,0,0,0,0,0,0,0,0,0,0,0,0,0,0,0,0,0,0,0,0,0,0,0,0,134,2145,1528,1330,1770,2690,2045,995,335,1,0,0,0,0,0,0,30,1698,3428,6712,11511,17089,10084,7631,8341,323,0,0,0,0,0,0,8,720,3685,9245,26127,36930,16968,12082,17084,3533,0,0,0,0,0,0,4,1143,4428,11130,34448,49210,21618,18727,22911,6252,2,0,0,0,0,0,11,2528,5951,13279,38015,46648,21183,20618,33852,13899,4,0,0,0,0,0,107,3978,8409,14629,32820,34537,22902,24992,34277,16584,3,1,0,0,0,0,230,3914,6774,11585,25670,27849,22062,29374,42832,8128,18,7,2,0,0,0,50,3495,7048,12758,29836,30394,19845,23463,42156,5364,25,6,7,5,2,5,15,2809,7418,13641,32376,28162,20860,16780,28972,7101,129,78,62,61,33,21,7,2273,6542,12441,29946,24587,14383,11679,24089,9100,41,33,14,6,4,0,1,830,3703,8266,21727,18429,9041,8717,19785,16187,68,24,4,4,0,0,2,530,2367,6636,19421,15099,7451,7059,14145,9937,5,0,0,0,0,0,5,540,2536,5402,12842,11845,5891,5270,8034,1885,0,0,0,0,0,0,0,193,877,1554,3171,3020,1304,997,550,7,0,0,0,0,0,0,0,0,0,0,0,0,0,0,0,0,0,0,0,0,0,0,2,303,158,113,174,148,287,65,3,1,1,0,0,0,0,0,1,934,1262,1735,6060,7893,2957,469,12,8,1,1,0,0,0,0,11,1544,2257,3471,10307,18232,9618,6361,1781,14,1,0,3,0,0,2,217,3993,5353,8241,18302,23282,11413,19277,4995,60,15,4,6,3,2,3,168,3630,8008,16902,35541,37255,15446,15034,8234,627,11,7,2,3,1,0,63,2685,7025,15497,44967,45549,22224,19523,20696,5319,152,96,64,67,32,21,74,3020,6487,12125,33607,39938,27774,25300,38283,17933,64,33,13,2,4,0,0,1912,5983,12195,31976,37237,28299,26227,39555,21816,44,8,1,1,0,0,9,1844,5528,10965,28473,33551,20971,19711,50958,25648,6,0,0,0,0,0,18,1145,4261,10427,29163,28591,15392,14861,57604,20704,0,0,0,0,0,0,4,806,4399,11228,31942,28401,15064,14919,45157,5738,0,0,0,0,0,0,3,1044,5339,11956,26719,24712,13642,14209,24020,425,0,0,0,0,0,0,7,1712,5088,9483,17743,16594,10164,10751,5932,8,0,0,0,0,0,0,27,2224,3546,4270,4706,5106,2386,1677,133,0,0,0,0,0,0,0,0,0,0,0,0,0,0,0,0,0,0,0,0,0,0,0,0,0,0,0,0,0,0,0,0,0,0,0,0,0,0,0
0,0,0,0,0,0,0,0,0,0,0,0,0,0,0,0,0,194,614,945,1604,1466,479,162,49,1,0,0,0,0,0,0,10,1505,4217,7178,12742,13815,6757,5564,3694,156,9,0,0,0,0,0,86,2972,7128,12877,22499,23802,13135,12282,15952,727,20,4,0,0,0,0,13,2219,6789,12479,25063,30143,18068,17943,32033,2188,42,14,10,5,3,3,62,5039,6450,9939,21521,30127,19884,23540,48255,2161,29,13,6,10,13,7,181,7083,6020,9356,18436,30404,23479,30678,47715,4651,94,89,44,32,15,11,409,15893,13871,19089,28968,34046,23999,24923,16679,2771,54,42,26,13,10,3,290,11398,13747,19014,30027,35766,24832,25869,18052,2414,65,31,12,14,4,1,86,5570,5733,8994,18919,32032,22318,29604,52218,2990,85,83,50,35,15,4,54,3864,5543,9751,22332,31346,20163,22519,47658,2269,10,10,1,1,0,0,10,2037,6117,12261,25124,29934,17741,17378,31162,2467,24,10,4,0,0,0,31,2853,6326,11179,20312,22883,12811,12229,14222,1007,19,2,0,0,0,0,10,1434,3801,5724,10991,12398,5477,4181,2263,24,0,0,0,0,0,0,0,50,193,279,417,235,15,0,0,0,0,0,0,0,0,0,0,0,0,0,0,0,0,0,0,0,0,0,0,0,0,0,0,0,0,0,0,0,0,0,0,0,0,0,0,0,0,0,0,118,405,689,1417,2795,3372,2739,1312,110,12,4,0,0,0,0,0,535,2961,8096,11882,15862,10838,8774,7682,213,4,0,0,0,0,0,43,2302,6573,12473,24194,34430,17092,13705,15196,374,0,0,0,0,0,0,23,3195,6758,13804,29737,46872,23325,20029,25125,1002,3,0,0,0,0,0,88,6982,8702,15327,31677,45322,23336,22800,39008,2729,11,1,4,1,0,0,106,9370,10811,14904,25980,32194,22809,28453,44571,4013,18,4,0,5,0,0,187,8280,9024,12560,21049,24915,21798,35703,41980,2841,34,29,20,13,9,2,266,7145,8729,12846,23218,27676,21485,28616,43009,1343,81,51,14,2,0,0,199,7822,8630,12005,21700,28013,22321,22436,34161,977,97,67,36,33,11,8,215,8217,9103,12234,21757,25482,16392,15600,25188,576,106,96,55,50,36,18,57,2655,4551,8371,16299,17771,10843,12697,27721,5712,63,27,17,2,0,0,4,1417,4149,7739,15314,14292,8535,8897,18568,3718,10,7,0,1,0,1,46,2727,4294,6337,11766,10470,6100,5891,6363,218,12,12,7,3,4,0,8,1346,1859,1680,2965,2303,912,532,68,0,0,0,0,0,0,0,0,0,0,0,0,0,0,0,0,0,0,0,0,0,0,0,1,527,124,71,70,64,148,247,3,0,0,0,0,0,0,0,9,2389,2491,2333,4119,6908,1958,1076,24,18,6,0,1,1,0,0,66,3122,3260,3931,10158,19087,8726,4194,904,77,36,19,10,12,4,1,109,2228,4538,8012,18788,23740,11664,19212,6439,235,112,66,24,8,5,1,67,2089,5724,14437,31740,37599,18192,20354,9677,532,146,134,71,53,30,12,7,2394,6973,16405,38853,46148,24961,23586,21904,2425,125,73,44,36,21,15,29,4824,8305,13628,28235,37452,29502,29928,45555,7192,7,0,0,0,0,0,140,10786,11228,15426,25164,32451,28130,29422,46235,6260,7,5,0,0,0,0,427,13847,8173,13253,23055,29146,21064,22538,62557,3603,1,0,0,0,0,0,214,4721,7089,12598,21562,24921,16902,19706,71685,2760,8,0,0,0,0,0,34,3380,8706,14045,23366,26923,17147,21099,42252,705,1,0,0,0,0,0,32,4323,9123,12296,18813,23672,15664,19951,18180,15,0,0,0,0,0,0,68,4556,7330,9171,11495,15458,11625,13386,4393,0,0,0,0,0,0,0,39,2925,3485,3459,3537,4828,3475,2173,144,4,2,1,3,0,0,0,0,0,0,0,0,0,0,0,0,0,0,0,0,0,0,0,0,0,0,0,0,0,0,0,0,0,0,0,0,0,0,0
0,0,0,0,0,0,0,0,0,0,0,0,0,0,0,0,12,514,1554,2185,1086,159,4,0,0,0,0,0,0,0,0,0,34,1964,8731,12833,11251,9922,4741,3268,2694,209,0,0,0,0,0,0,278,4810,12059,16644,17736,19877,12962,9727,11620,5758,13,0,0,0,0,0,161,5095,9606,14429,19181,24560,18378,15097,19874,20045,389,38,29,27,21,26,66,4354,9119,12346,17535,24884,19968,17689,25245,34861,741,68,51,42,28,25,136,7167,8489,11460,16463,24409,22246,19696,30384,36042,1520,124,105,40,13,8,203,10816,15945,20693,26231,30484,23828,20073,19462,11824,1197,14,9,6,4,4,178,10595,15605,20207,24312,29560,24669,20742,22719,11855,1037,34,13,4,2,4,88,6870,7754,11303,17108,26246,23424,18972,29931,35944,915,89,58,21,9,1,63,4558,8040,11424,16824,24455,20444,18115,25547,35458,553,15,12,6,5,1,121,5256,10221,13656,19151,24159,17612,14109,19047,20536,380,18,3,0,0,0,141,4644,11400,13485,15290,18900,12834,9770,12050,5322,38,0,0,0,0,0,5,1821,10073,11407,8511,7597,3670,2115,1085,19,0,0,0,0,0,0,2,129,186,354,346,149,22,1,0,0,0,0,0,0,0,0,0,0,0,0,0,0,0,0,0,0,0,0,0,0,0,0,0,0,0,0,0,0,0,0,0,0,0,0,0,0,0,0,0,434,2582,3199,2305,1425,1367,1113,508,40,0,0,0,0,0,0,9,1300,7867,12945,10888,9871,7928,6065,7033,2918,23,0,0,0,0,0,1,2161,11076,15978,18551,25829,20137,12070,12325,7929,99,30,25,28,31,32,25,3071,11078,17455,23325,33349,27629,16821,19426,17158,458,16,11,13,8,14,234,8194,14211,18206,23613,32083,25845,18357,23506,30538,1158,28,14,1,0,0,531,11906,16146,19366,21728,24844,18621,18758,26479,32603,2230,15,10,2,0,0,94,8250,13206,15226,17948,20210,19013,22331,31296,30364,507,0,0,0,0,0,89,7250,12158,15611,18855,23691,19978,19699,30370,26482,267,17,7,2,2,3,163,7663,11547,14663,18046,24505,19249,18505,22849,20596,498,90,73,37,18,13,144,8248,11007,14103,17313,23167,16648,13098,15333,15342,393,158,120,46,14,4,37,3166,6092,9359,13864,17673,12075,9902,15572,18263,702,38,16,14,7,2,30,1958,4672,8107,13393,15352,9107,7254,9892,12485,385,7,4,3,2,1,42,2610,4717,6406,9416,11398,6482,5058,4910,3147,63,1,0,0,0,0,89,2382,2423,1802,1780,1964,723,343,159,8,0,0,0,0,0,0,0,0,0,0,0,0,0,0,0,0,0,0,0,0,0,0,0,7,54,67,74,99,175,201,233,278,62,1,4,0,0,0,33,1519,1195,1877,2327,3771,4968,2865,1727,647,129,71,40,30,25,35,191,3436,3989,4525,5611,11165,9987,5704,5782,3000,124,17,16,14,14,11,407,4547,4914,7284,12234,20027,13376,9557,15421,7285,103,9,7,2,5,4,128,3863,9881,17937,25336,33438,19284,12741,13002,4506,352,191,116,47,19,13,14,3364,12730,23295,34680,38732,23743,18658,18417,9668,407,102,93,53,19,6,44,4439,12885,18990,25232,30891,26734,25546,32459,26535,898,2,2,0,0,0,96,7343,14315,19246,22353,27238,24085,26045,31005,32447,1072,7,2,0,0,0,306,15553,13547,17736,20337,24398,18954,16474,28332,39722,2305,0,0,0,0,0,113,5148,10925,15346,18965,23834,18566,15749,27816,44883,821,0,0,0,0,0,23,4403,13423,15855,18450,23014,17702,13925,19853,30565,445,0,0,0,0,0,36,4927,14037,14174,13058,16645,15627,12271,16241,14988,65,0,0,0,0,0,35,5988,11019,10464,8490,10056,10067,8898,9141,3324,0,0,0,0,0,0,62,4056,5868,5630,3878,2053,1534,740,229,25,0,0,0,0,0,0,0,0,0,0,0,0,0,0,0,0,0,0,0,0,0,0,0,0,0,0,0,0,0,0,0,0,0,0,0,0,0,0
0,0,0,0,0,0,0,0,0,0,0,0,0,0,0,0,22,783,1630,1436,828,515,282,18,0,0,0,0,0,0,0,0,25,4367,8542,8205,7466,9248,8450,4970,3383,980,11,0,0,0,0,0,12,7501,12519,12625,12151,16317,15877,12145,13809,8221,307,0,0,0,0,0,31,6310,13417,12770,14477,21773,20611,16268,21111,18435,1809,6,0,0,0,0,53,8653,11054,11401,14153,22037,23265,19840,23809,28782,3803,112,42,38,19,7,98,8627,9184,9914,12890,19677,23496,21795,30592,35608,6083,182,72,38,25,20,104,14843,18868,19795,21515,26982,24508,19506,19209,10889,4237,161,63,49,36,19,124,14314,18385,18159,20024,26759,25423,20110,20387,13196,4439,147,29,17,15,4,92,8391,9917,10326,13183,20437,23953,21470,30886,34277,5505,169,69,43,11,6,86,7992,10476,10255,13313,22608,23505,19229,25239,28800,3874,107,21,11,2,2,20,6017,12277,13571,14402,21123,21158,15314,19980,18417,1988,2,0,0,0,0,15,6031,12169,12102,11262,14362,14993,11236,13360,8073,271,0,0,0,0,0,1,3602,8146,6386,6003,7636,7143,4127,2728,527,4,0,0,0,0,0,0,210,675,216,78,10,0,0,0,0,0,0,0,0,0,0,0,0,0,0,0,0,0,0,0,0,0,0,0,0,0,0,0,0,0,0,0,0,0,0,0,0,0,0,0,0,0,0,2,656,3666,3354,1825,1168,1001,779,432,90,0,0,0,0,0,0,15,2707,10976,11621,9115,9000,8129,6105,5802,3246,131,0,0,0,0,0,2,2794,11157,14578,16067,20877,21644,15374,13883,9438,566,2,0,0,0,0,17,5749,12711,16273,19440,26960,28687,20892,21527,16312,1300,5,0,0,0,0,29,8787,17281,17755,19847,29346,29289,20336,26141,24085,2984,58,21,15,7,5,71,12663,20617,16195,15969,21278,22049,19621,29182,28216,7164,164,27,9,10,4,78,11717,14636,12788,13158,17701,20181,20796,32722,30164,4251,171,30,25,16,10,85,12744,13919,13120,14022,20231,22979,20557,26066,26985,3609,86,30,29,14,5,76,12059,12094,11804,13506,21029,24624,20974,21298,18383,2546,63,43,19,6,2,90,12384,10945,9632,11809,20121,20065,15312,17682,15205,1679,81,57,50,19,13,80,5880,6465,6868,9493,15290,13738,11216,15066,17542,4799,223,65,26,19,9,46,3796,5702,6167,8857,13886,11039,8066,9587,12568,2909,14,5,2,3,0,71,3785,5062,5435,7142,10404,7801,5329,4814,3926,393,19,18,21,14,10,21,1920,2028,1571,1495,2193,1438,671,291,45,0,0,0,0,0,0,0,0,0,0,0,0,0,0,0,0,0,0,0,0,0,0,0,1,216,300,165,97,73,85,129,155,21,8,3,1,1,0,0,477,2779,3463,2673,3178,4130,2605,1064,694,119,57,45,22,16,9,6,2816,6265,5743,5920,9506,11759,7344,3328,880,35,4,1,1,0,0,17,5015,8511,8890,11159,17405,15356,9412,11263,7166,714,114,64,53,28,14,49,5826,11685,15832,20109,28897,21944,12908,13788,8441,764,246,163,109,57,33,68,4486,12862,18598,25058,34073,30191,20429,21043,15151,1887,103,20,10,6,2,18,8018,15080,15333,17587,25617,28433,25162,28798,32569,7923,119,0,0,0,0,38,9915,16388,15239,16494,22932,27835,26330,29206,31629,9121,127,0,0,0,0,80,15026,14135,13679,14607,20348,22899,20853,30542,38806,6585,104,0,0,0,0,49,7536,12698,13482,14127,19627,20552,17873,30238,41396,4584,4,0,0,0,0,28,8437,15280,13663,14145,20073,19713,17083,26514,22164,558,0,0,0,0,0,73,12346,15265,11136,10532,14979,16320,14777,19988,6633,20,0,0,0,0,0,152,11424,11458,8309,7062,10111,10822,9590,8036,518,0,0,0,0,0,0,105,6318,4637,3494,2107,2641,2637,1577,556,3,0,0,0,0,0,0,0,0,0,0,0,0,0,0,0,0,0,0,0,0,0,0,0,0,0,0,0,0,0,0,0,0,0,0,0,0,0,0
0,0,0,0,0,0,0,0,0,0,0,0,0,0,0,0,18,398,1228,1402,1414,850,188,16,0,0,0,0,0,0,0,0,31,3406,6457,8333,11774,11396,6051,4581,3366,252,0,0,0,0,0,0,211,6069,8469,12590,21457,22357,12932,10947,13300,3148,4,0,0,0,0,0,18,3611,6085,10999,23779,29398,19053,16204,23963,13707,96,27,33,24,11,4,21,3290,5519,9762,21211,30386,21722,19347,35121,20383,187,40,13,18,14,12,14,2683,4919,8459,17901,29856,23874,23572,45833,20898,180,31,15,11,14,13,31,5570,13451,19181,30354,35574,26229,26091,16837,7272,144,18,13,14,7,2,45,7063,13243,17966,29076,34533,27144,25589,18757,7778,198,56,32,15,6,10,39,2633,4649,8666,19689,30109,22533,23005,47525,19691,99,25,25,12,5,6,46,3637,5117,8489,21106,30228,21224,19110,35553,20638,281,20,20,14,13,9,15,3102,5171,9672,23814,30952,18728,15488,23824,13364,83,23,12,12,5,4,242,4415,7082,10922,20102,22175,12711,10321,12118,3782,4,0,0,0,0,0,11,2150,5181,6463,10529,10080,5282,4057,2454,96,0,0,0,0,0,0,0,160,311,228,278,183,29,0,0,0,0,0,0,0,0,0,0,0,0,0,0,0,0,0,0,0,0,0,0,0,0,0,0,0,0,0,0,0,0,0,0,0,0,0,0,0,0,0,1,417,1352,1439,2226,3032,2388,1542,532,43,1,0,0,0,0,0,12,1657,3417,7313,11656,14282,10328,8448,8611,1069,50,4,0,0,0,0,49,4263,5921,10502,21481,32037,19639,12516,15289,4647,36,2,0,0,0,0,10,3414,6674,12848,28546,43789,25884,18062,21057,9519,64,6,0,0,0,0,13,5449,9382,14118,28657,42159,25887,20557,30530,19065,76,33,26,24,10,2,80,7480,12421,15201,25267,31420,24234,26045,30351,20506,232,1,1,0,0,0,185,4760,8279,11474,19079,24082,22397,28946,43729,15262,230,8,6,4,3,0,234,4422,7326,12231,23230,28173,20799,24532,40355,13102,71,3,1,2,0,0,31,3875,7546,11600,24236,29282,21989,20387,28703,10160,203,132,89,74,52,50,35,4209,8716,12144,22345,25304,16815,13490,21888,10010,86,28,25,16,10,8,22,2311,4930,7932,16119,17161,10766,10296,19281,17798,153,15,2,0,0,0,24,1571,4440,7963,15737,15168,9200,7699,12394,8397,59,0,0,0,0,0,35,2908,4710,6607,11026,9976,6346,5367,5811,1428,15,8,13,0,0,0,11,1451,1768,1760,2879,2212,1028,441,120,3,0,0,0,0,0,0,0,0,0,0,0,0,0,0,0,0,0,0,0,0,0,0,0,152,250,128,123,129,242,229,2,0,0,0,0,0,0,0,2,674,1465,2574,5008,6971,2996,1228,139,98,74,41,27,24,10,2,23,2022,3427,4654,10177,17480,9270,5109,1391,35,2,5,5,4,3,0,351,3020,5077,7473,15963,20867,13569,15861,12645,336,17,3,0,0,0,0,32,3487,8903,17838,29443,34284,18226,14602,12565,1431,28,11,8,6,1,1,27,1951,6727,15016,38037,44365,26975,22132,20775,7100,279,156,118,84,59,57,30,3605,7038,12206,29045,36641,29617,26876,37304,21917,360,15,1,2,0,0,22,4471,8169,13100,25992,34478,27465,28559,36277,26299,407,9,4,0,2,0,24,4610,7965,12218,23656,29943,21952,20459,42777,33982,78,0,0,0,0,0,4,3713,7161,11390,21671,26526,18230,16427,45932,31081,31,0,0,0,0,0,42,4036,9571,13572,22472,27274,18359,16568,38016,7748,0,0,0,0,0,0,69,6156,9951,11379,16108,20338,16035,16436,24640,957,0,0,0,0,0,0,53,6983,8083,8271,11117,14307,11267,11402,5974,25,0,0,0,0,0,0,63,3307,3095,3313,3672,4474,3497,2440,214,0,0,0,0,0,0,0,0,0,0,0,0,0,0,0,0,0,0,0,0,0,0,0,0,0,0,0,0,0,0,0,0,0,0,0,0,0,0,0
0,0,0,0,0,0,0,0,0,0,0,0,0,0,0,0,0,104,943,1829,1738,691,135,34,24,10,6,0,0,0,0,0,37,2530,6232,8898,12035,12243,6113,4027,2982,535,13,2,0,0,0,0,120,5302,7622,12009,19906,23945,14732,10014,11179,6077,256,121,104,69,23,5,105,5807,6065,9803,20932,27953,19848,14951,18849,20640,1291,149,167,258,172,26,125,6963,6234,9234,19475,30543,22506,18158,21888,30075,1438,110,117,77,43,44,310,8915,7371,9731,16278,26492,23185,20899,26804,35378,2569,95,106,68,46,31,169,12303,15538,19699,26796,34123,23950,22202,14334,10069,1455,73,42,23,15,6,250,12708,13863,18582,24140,33395,24951,22487,17657,12084,1223,64,33,19,25,32,266,10149,7757,10174,16867,27626,23472,18804,29233,32680,1236,107,95,96,83,39,290,8672,7775,10959,20295,32155,21668,17247,21474,23818,765,73,74,75,91,68,128,7210,8602,12445,20218,28833,19261,14715,16738,14434,680,207,226,276,214,70,49,7338,10016,12281,16087,21045,13118,9644,9152,4617,207,128,79,62,48,3,6,3400,8675,8713,8358,9098,4154,2355,1292,226,13,9,4,0,0,0,0,79,425,435,198,43,9,0,0,0,0,0,0,0,0,0,0,0,0,0,0,0,0,0,0,0,0,0,0,0,0,0,0,0,0,0,0,0,0,0,0,0,0,0,0,0,0,0,0,100,863,1926,2264,2071,1838,1795,1229,672,205,10,0,0,0,0,2,1070,4137,8902,10538,12231,9350,7171,6808,5899,736,2,1,0,0,0,36,5161,8379,11956,17128,28543,19725,11660,10835,11831,1124,4,0,0,0,0,113,6899,8793,13662,22697,41869,29258,16875,15513,13153,1041,0,0,0,0,0,118,9083,10583,15420,25523,43290,30299,19427,21702,19220,1323,0,0,0,0,0,186,14421,14209,15986,24357,32511,24200,23826,21079,21325,1138,1,0,0,0,0,310,13346,12087,13165,18555,22618,19951,25525,31924,19868,1033,25,13,14,8,3,356,10579,11497,13643,21027,26357,20356,20954,26029,22924,464,92,69,45,35,19,311,10435,10616,13544,22355,26886,20132,16056,17534,18905,869,276,223,121,89,82,242,9361,9819,13252,20470,24181,15058,10781,12742,17388,842,308,272,217,126,68,119,4413,5335,8087,13742,18373,11108,9130,12149,20365,1833,396,450,608,496,152,11,2085,4842,7750,12865,15712,8441,7048,8951,14427,456,21,19,18,6,0,35,2837,4491,5893,9665,10918,6257,4665,4775,4623,88,3,0,0,0,0,16,1690,1467,1606,2137,2625,1129,624,336,43,0,0,0,0,0,0,0,0,0,0,0,0,0,0,0,0,0,0,0,0,0,0,0,59,231,181,192,197,151,239,5,0,0,0,0,0,0,0,0,170,542,1003,1875,8801,7475,1404,32,15,10,5,0,1,0,0,3,1472,2418,3514,5994,16411,13096,6825,3535,118,71,71,27,20,6,5,181,4318,4807,8251,15612,23520,12071,14973,9724,471,340,268,255,152,95,77,7,2949,7397,16190,32283,35995,18012,13710,11211,1286,329,272,315,343,346,162,7,2918,8856,15691,36482,44328,24266,19542,19175,10347,686,427,397,472,293,77,22,5259,11368,16282,27643,36717,27453,23521,28153,26417,1716,46,31,19,10,0,106,8822,14059,18057,23824,32958,27015,24304,25055,28659,2375,15,5,0,0,0,118,9650,12055,15864,20650,27631,22871,18481,24564,43492,2287,1,0,0,0,0,37,5189,9347,13333,18016,24437,19080,15907,23537,50329,2954,0,0,0,0,0,62,7925,11965,14166,17937,25429,19143,14941,22040,23704,346,0,0,0,0,0,215,16738,12295,11585,12653,17775,14761,12364,17975,5595,36,31,17,16,10,3,546,17238,8705,7882,7813,11279,9476,8040,6289,210,2,2,0,0,0,0,551,8773,3073,2793,2349,2707,2232,1286,311,0,0,0,0,0,0,0,0,0,0,0,0,0,0,0,0,0,0,0,0,0,0,0,0,0,0,0,0,0,0,0,0,0,0,0,0,0,0,0
0,0,0,0,0,0,0,0,0,0,0,0,0,0,0,0,0,106,555,1041,2079,1153,382,176,22,0,0,0,0,0,0,0,51,1293,3722,8467,17365,11607,5252,4439,3326,125,0,0,0,0,0,0,231,2481,5100,12093,28778,23788,11525,10296,15634,1556,1,1,0,0,0,0,119,1591,3299,9899,32896,31730,16285,14926,26020,10201,16,12,17,2,4,1,86,1497,3432,8762,30008,31936,19300,19045,37344,15570,25,18,17,6,10,6,28,1286,3820,8863,25662,30849,22580,25216,43797,16041,70,30,27,17,5,8,16,3672,8379,16358,40521,38634,26194,23687,15771,7355,93,34,15,17,15,12,18,2071,6944,17230,42666,38571,25876,25234,15916,6856,88,35,15,14,1,0,14,1023,3291,8800,27455,30210,20830,24988,47837,14214,23,16,15,5,6,7,54,807,2788,8497,31832,31694,19868,18257,35310,16382,11,10,6,2,1,1,105,1023,3238,10364,33356,30172,15550,13996,25411,11038,5,6,3,0,1,1,229,1228,3800,10007,27296,23436,11148,10032,14592,2105,0,1,0,0,0,0,59,668,2755,6691,14922,10643,4714,3593,2185,73,0,0,0,0,0,0,2,104,182,313,497,86,5,0,0,0,0,0,0,0,0,0,0,0,0,0,0,0,0,0,0,0,0,0,0,0,0,0,0,0,0,0,0,0,0,0,0,0,0,0,0,0,0,0,73,1000,941,1216,2434,2993,2384,1448,484,0,0,0,0,0,0,0,132,2012,3017,7144,13511,15172,9663,7737,8302,157,0,0,0,0,0,0,68,1442,2837,8809,29490,35683,16314,12085,16632,3021,1,0,0,0,0,0,11,955,3179,11022,37338,47016,21605,17724,22803,8217,3,0,0,0,0,0,71,1504,4108,12851,41201,46463,22545,20350,31621,15272,2,0,0,0,0,0,498,3656,6547,13880,34456,34053,23499,25335,33170,18116,16,7,4,2,0,0,23,1231,4575,10869,28446,27522,21777,32149,43527,8286,18,8,6,6,0,0,29,1908,5454,12493,33534,28531,20563,24692,41235,5972,30,19,11,5,3,2,16,1478,4814,12257,34951,29568,22534,18269,26046,8279,96,72,64,31,21,18,8,1067,4988,12580,33297,25623,15035,12381,19829,10266,41,19,7,2,2,0,4,1081,4244,7942,23951,17582,9532,9239,18704,14383,89,19,5,7,1,3,60,945,3412,7659,22877,13268,7326,6644,12785,7640,13,7,10,0,3,2,19,450,2419,6754,15975,8841,5422,4895,7489,1885,23,12,8,10,13,11,0,121,770,1909,3872,2194,1310,937,538,22,0,0,0,0,0,0,0,0,0,0,0,0,0,0,0,0,0,0,0,0,0,0,0,70,101,117,215,297,390,57,2,2,1,1,2,0,0,0,4,359,635,1564,7569,7769,2906,468,24,11,14,6,2,2,0,0,57,1024,1754,3839,12788,17206,9272,5835,1818,4,3,1,1,4,0,0,199,1885,2982,7740,21721,22618,11334,19211,7417,37,6,8,13,2,4,2,330,2867,6497,16645,38623,37645,14982,14074,8760,275,58,35,17,16,12,11,41,2090,5911,15706,48978,44174,23477,20535,19686,2988,131,94,76,39,27,23,130,2415,4543,11169,37492,37087,28273,27263,40803,15443,28,9,2,0,0,0,82,1537,3883,11507,34373,36222,28626,26871,39355,22716,71,9,2,0,0,0,35,2158,4613,10853,30889,30452,21172,19560,46762,31152,18,0,0,0,0,0,18,665,3871,10697,32975,29060,16660,15727,49154,23337,2,0,0,0,0,0,71,1141,4664,11748,34942,27505,15358,15218,41689,5322,0,0,0,0,0,0,11,850,4879,11592,28901,23252,13903,15431,23025,225,0,0,0,0,0,0,6,677,4099,9461,19417,16252,10714,12200,4652,4,0,0,0,0,0,0,28,1112,2873,4747,6450,4970,2442,1435,18,0,0,0,0,0,0,0,0,0,0,0,0,0,0,0,0,0,0,0,0,0,0,0,0,0,0,0,0,0,0,0,0,0,0,0,0,0,0,0
0,0,0,0,0,0,0,0,0,0,0,0,0,0,0,0,11,505,1084,1061,1367,1226,226,34,0,0,0,0,0,0,0,0,133,3818,6245,6854,12166,12817,5456,4202,3284,672,0,0,0,0,0,0,279,5403,8310,11405,21947,24280,11876,9650,12925,5409,0,0,0,0,0,0,185,2707,5979,10777,25973,32152,17513,13913,20816,16893,47,25,22,12,4,0,230,2671,5556,8936,20821,32539,20669,18441,33619,23328,126,60,23,17,14,13,109,3556,5602,8919,18481,31848,23340,25306,39195,21504,214,61,45,34,28,16,121,5595,12373,18546,30887,41333,25765,23453,14331,8214,89,37,15,16,12,4,101,5600,10765,14979,29123,41823,26773,25217,17699,9098,142,78,48,31,26,12,122,3885,5968,8545,20060,32504,21314,23635,41862,20615,82,51,25,20,15,10,45,2473,4655,8231,20581,33574,20183,17637,33511,24406,135,32,26,11,9,7,127,2393,5096,10143,24907,33312,17670,13571,21176,15820,30,10,6,4,1,1,28,3225,6739,10457,19467,25125,11922,9501,12761,4615,29,4,1,0,0,0,25,2960,6143,6731,10814,10520,4227,2929,1808,145,1,0,0,0,0,0,4,262,469,228,220,5,1,0,0,0,0,0,0,0,0,0,0,0,0,0,0,0,0,0,0,0,0,0,0,0,0,0,0,0,0,0,0,0,0,0,0,0,0,0,0,0,0,0,0,622,2473,3058,1814,1973,1677,831,491,34,0,0,0,0,0,0,8,1426,4848,7874,9831,15798,10280,7000,7995,1786,1,0,0,0,0,0,68,3451,6452,9255,19646,35934,18764,11733,14103,6969,7,0,0,0,0,0,139,5430,7650,11605,26347,48353,23522,17230,18286,11282,29,0,0,0,0,0,186,5826,10516,13907,29813,47520,22888,20757,23259,21248,68,0,0,0,0,0,232,5438,10498,14023,28256,35025,24377,25932,24736,24686,32,4,0,0,0,0,410,5161,8105,10722,20314,26768,22730,29025,40690,14435,51,19,10,4,1,0,239,4918,7481,11706,25403,30097,20351,22857,40140,10933,106,71,44,44,36,23,94,3858,6435,11101,26164,31492,21811,18110,27731,10996,255,153,117,67,46,32,62,3386,6662,11360,24501,28021,15976,12639,20466,11798,134,69,21,18,16,4,10,1293,4472,7739,16692,19988,10118,9251,17779,19236,140,35,13,7,9,4,9,1134,3905,6368,14723,17007,7991,6940,11120,13368,68,7,6,5,1,0,4,1552,3597,5463,10972,12300,5660,4694,6060,3944,4,0,0,0,0,0,59,1558,1890,1631,2338,2782,790,490,131,4,0,0,0,0,0,0,0,0,0,0,0,0,0,0,0,0,0,0,0,0,0,0,0,64,105,97,123,284,306,271,2,1,2,0,0,0,0,0,20,498,1192,1898,3011,9413,4111,1153,30,3,2,2,0,0,0,0,123,1787,2474,3450,7698,18689,11026,6767,1462,51,36,30,12,3,0,0,402,2980,4665,7620,18266,22970,11611,20022,6274,172,84,42,24,18,12,8,305,3294,8386,16241,34990,36166,15191,13772,10313,1770,155,101,49,44,37,17,68,2184,7886,16338,40486,45093,22855,19665,21112,7527,265,151,125,79,58,38,42,2842,7283,11898,28224,40025,29152,25121,35807,24050,185,24,1,1,2,0,71,3639,7776,11490,23854,37477,28450,27180,33397,31773,139,8,0,0,0,0,127,6990,7882,10106,20676,33172,21024,17694,38738,41238,17,0,0,0,0,0,39,3884,6658,9341,21679,32468,17581,15201,41138,34168,9,0,0,0,0,0,32,4376,8649,11355,22685,31919,17173,14498,37618,9352,1,0,0,0,0,0,13,2996,8883,11890,18799,25086,15709,15046,23033,614,0,0,0,0,0,0,76,5062,8521,9986,12617,16276,10594,10301,4049,0,0,0,0,0,0,0,202,4457,4624,4102,3706,4020,2152,798,14,0,0,0,0,0,0,0,0,0,0,0,0,0,0,0,0,0,0,0,0,0,0,0,0,0,0,0,0,0,0,0,0,0,0,0,0,0,0,0
0,0,0,0,0,0,0,0,0,0,0,0,0,0,0,0,44,1157,1195,1173,1156,635,146,8,0,0,0,0,0,0,0,0,123,2806,5911,7766,13837,12777,5234,3654,2836,700,3,0,0,0,0,0,322,4063,8023,11748,22781,24448,11776,9198,10972,8030,123,0,0,0,0,0,120,4233,6685,11019,26818,29652,16223,12178,14379,23770,1873,28,14,14,9,2,155,5170,6666,10580,23732,29949,17699,16778,16740,36079,3435,14,14,6,11,7,229,6578,6946,9723,18966,27215,19118,19707,22765,42929,4035,21,14,13,16,9,139,9366,12501,18094,30516,36951,24269,21100,14684,10530,2541,47,28,13,13,1,145,9735,13608,17434,29689,36188,23699,21290,15649,11814,2174,41,36,18,11,6,172,6129,7157,10165,20977,26958,19462,18717,24959,41205,2731,28,13,15,9,8,249,5733,7074,10521,23444,28019,17920,16238,17067,36588,2620,16,13,7,6,2,201,4117,7492,11761,25451,30209,15881,11454,12956,23278,1454,8,2,2,1,1,254,3481,7113,11143,19454,23854,11492,8899,10094,8046,44,0,0,0,0,0,69,1696,5027,6583,11910,11595,4386,2828,1787,422,0,0,0,0,0,0,5,146,367,301,340,30,0,0,0,0,0,0,0,0,0,0,0,0,0,0,0,0,0,0,0,0,0,0,0,0,0,0,0,0,0,0,0,0,0,0,0,0,0,0,0,0,0,0,2,915,2090,2086,1872,2040,1793,1291,727,157,0,0,0,0,0,0,41,3041,6499,9200,9891,11969,8315,5999,6494,5331,67,0,0,0,0,0,40,4099,8403,13119,21091,28932,16411,10363,9924,13104,896,0,0,0,0,0,74,4777,8407,13838,27919,42553,22860,15581,13767,18709,1388,0,0,0,0,0,128,6820,10078,15989,30770,43038,22177,17812,17097,29493,2576,9,1,0,0,0,550,11969,13236,15465,27158,32139,20048,20586,15874,32840,3334,18,11,4,7,0,676,8464,8509,11146,21566,25797,19930,23370,26689,30728,1563,7,0,0,0,0,210,5974,7399,11263,26717,28768,18782,19337,25245,30253,465,25,19,12,7,2,163,5670,8315,13083,27699,28204,18200,17535,16310,21655,1293,102,78,53,46,31,47,4193,7472,11831,24265,25265,15592,11596,11975,20872,1954,31,21,14,13,3,22,1744,4226,7252,17765,20133,9613,7884,9958,22978,5210,1,0,0,0,0,71,1927,3835,6256,17018,16814,7906,6468,6824,13299,2219,6,2,4,3,0,163,3165,4965,5582,12774,10894,4993,3822,3854,3963,68,4,2,1,0,0,40,1652,2331,1901,2566,1934,685,405,150,9,0,0,0,0,0,0,0,0,0,0,0,0,0,0,0,0,0,0,0,0,0,0,0,405,234,118,89,65,253,76,3,3,2,2,3,0,2,0,4,1584,2671,2608,3778,6601,3173,791,39,20,22,24,9,4,5,0,36,3799,4980,5643,8525,15300,9398,4321,1554,35,6,3,1,1,2,1,611,6290,8002,10829,19876,18297,10481,14282,6401,81,19,8,2,1,2,0,357,5472,10783,20615,35798,29747,13937,13402,9681,1025,25,12,9,5,1,0,15,2674,7810,15369,42621,41772,21645,18205,19562,13400,400,144,107,77,62,35,45,3640,6781,11857,31784,37037,26806,22970,25317,34244,4165,6,3,0,2,0,67,4088,7894,12041,26872,36226,24230,24260,23915,38752,6906,3,0,0,0,0,136,6585,8787,10993,23366,32513,19578,16790,19641,53302,5972,1,0,0,0,0,142,4542,7222,10375,21757,29583,16444,13321,16564,58875,3341,0,0,0,0,0,165,4926,8391,12456,23583,31046,16313,12960,16191,31460,167,0,0,0,0,0,56,5732,10429,12761,16888,22169,13454,11074,17766,11732,8,0,0,0,0,0,221,7723,8516,9508,11366,14424,9227,8164,7871,462,0,0,0,0,0,0,372,6950,3265,2838,2768,3700,2366,1433,383,0,0,0,0,0,0,0,0,0,0,0,0,0,0,0,0,0,0,0,0,0,0,0,0,0,0,0,0,0,0,0,0,0,0,0,0,0,0,0
0,0,0,0,0,0,0,0,0,0,0,0,0,0,0,0,41,1498,1260,1378,971,302,64,0,0,0,0,0,0,0,0,0,60,2231,5217,8507,14328,14598,4852,3414,2185,255,0,0,0,0,0,0,106,3539,6454,11530,24192,28145,12469,9776,12471,2800,2,0,0,0,0,0,80,3056,5401,10225,25440,34431,19065,13629,20916,14704,43,14,9,2,2,1,113,2568,4816,8514,20099,32899,23402,18332,32521,23673,94,17,15,5,1,0,63,3468,5252,8084,17027,31266,24661,22405,41155,24698,143,27,23,13,11,4,62,5704,8611,15357,30661,42393,27923,24583,17752,7574,107,21,10,16,7,5,72,4730,8462,15671,31969,42302,27542,24393,18232,7960,139,26,16,9,6,4,166,2894,4523,8158,19151,32450,23686,20603,43796,23143,68,21,20,16,9,10,150,2130,4059,8097,21185,33626,22704,17381,32195,23914,66,10,3,1,0,0,81,2750,4786,10325,25490,34888,18807,13037,19736,14331,37,0,1,0,0,0,74,3273,5841,10557,20567,26480,12412,9270,11752,3647,1,0,0,0,0,0,38,1875,4270,6733,12075,12250,4422,2740,1720,180,0,0,0,0,0,0,1,165,314,422,276,8,3,0,0,0,0,0,0,0,0,0,0,0,0,0,0,0,0,0,0,0,0,0,0,0,0,0,0,0,0,0,0,0,0,0,0,0,0,0,0,0,0,0,25,1038,1143,1304,1382,2048,2392,2038,1296,306,1,0,0,0,0,0,187,2993,2812,5420,8383,12924,12767,8399,8617,4318,27,0,0,0,0,0,203,4166,4512,8685,16111,33333,22890,12557,14930,8976,19,0,0,0,0,0,187,4731,6245,11009,24488,48696,26901,16540,21660,9392,23,1,0,0,0,0,42,5116,8946,13522,29337,49535,25967,18526,30422,14488,73,8,4,1,1,0,66,6788,10054,14605,27409,38576,23327,22247,28482,21610,59,7,4,3,1,0,271,4943,7162,11868,22612,29320,22228,27666,39297,13066,8,2,2,0,0,0,101,3308,6450,11927,26385,31617,22238,22508,38177,11654,48,13,13,6,5,5,8,2451,6181,11690,27325,33633,21494,16554,23974,14854,154,81,56,38,19,13,3,1615,5369,11324,28235,30667,16698,11885,15718,13554,40,18,12,3,4,0,0,1076,3972,8165,18695,21528,10093,8671,15169,19230,185,2,0,0,0,0,0,378,2347,6504,17335,18179,8262,6722,10369,12498,56,1,1,0,0,0,13,863,3039,5892,12644,12713,5591,4577,5961,2908,7,3,5,11,6,6,1,415,1034,1643,3090,3269,1164,673,359,25,0,0,0,0,0,0,0,0,0,0,0,0,0,0,0,0,0,0,0,0,0,0,0,301,209,138,112,95,162,221,7,2,2,5,1,0,0,0,1,1704,2980,3069,4180,6305,2046,903,47,45,30,10,6,4,2,0,29,2565,3148,3955,7988,19253,10510,4596,1522,25,11,4,2,0,0,0,339,4615,4470,7428,16463,23991,14316,12923,10450,128,20,5,8,3,4,3,45,3000,5311,13751,31740,38047,21086,16286,10919,535,29,25,22,21,15,13,27,2962,6513,13740,37752,47863,25929,20099,20000,8735,175,81,57,34,15,8,40,3226,6312,11892,27600,41114,30235,25705,33597,24762,168,6,0,0,0,0,50,3304,6944,12166,25807,39038,30746,26147,32565,28262,224,0,1,0,0,0,95,4240,6280,11097,24634,35558,22379,19925,38112,35316,28,0,0,0,0,0,179,3219,5089,9390,23993,33082,18093,14936,41485,32688,12,0,0,0,0,0,83,3176,6050,12047,26155,33580,17431,14138,31925,13072,1,0,0,0,0,0,72,3465,7506,11590,19293,25363,14737,12522,24362,3159,0,0,0,0,0,0,114,2514,5510,9038,13216,17552,10967,9484,8941,146,0,0,0,0,0,0,33,1590,2944,4257,4498,5197,3375,1678,499,4,0,0,0,0,0,0,0,0,0,0,0,0,0,0,0,0,0,0,0,0,0,0,0,0,0,0,0,0,0,0,0,0,0,0,0,0,0,0
0,0,0,0,0,0,0,0,0,0,0,0,0,0,0,0,4,611,1460,1561,999,575,193,75,26,8,1,1,0,0,0,0,15,2869,8736,10458,9166,9774,6899,3940,3088,699,3,0,0,0,0,0,75,7284,10500,12004,14108,18441,15719,11364,13775,8105,84,9,6,6,3,1,6,4589,8919,11470,15774,24083,20641,16283,24521,20470,177,44,15,12,9,4,69,9633,7437,9570,14330,24179,23159,19141,33178,25811,379,47,34,39,22,17,107,16021,8844,10124,14315,22436,23466,20675,36085,25462,619,59,32,34,14,7,176,21766,17375,17687,20545,25810,23566,20916,21684,10433,671,86,57,20,4,2,149,18012,19805,21354,22839,26928,22828,19377,19085,10423,660,58,17,2,0,0,81,12551,9158,10231,14805,24537,24080,20204,37004,25317,554,84,52,39,18,12,47,7821,7256,10484,15540,24994,22493,19289,34373,22973,192,30,8,9,7,2,33,7150,10377,13403,15529,20960,18008,14460,23231,20761,159,41,30,19,29,30,14,5573,9790,11928,13130,16099,15237,12330,13389,6323,49,10,2,0,0,0,4,3845,9212,7343,6200,7335,5959,3764,2343,287,10,1,0,0,0,0,0,88,533,305,139,88,26,10,0,0,0,0,0,0,0,0,0,0,0,0,0,0,0,0,0,0,0,0,0,0,0,0,0,0,0,0,0,0,0,0,0,0,0,0,0,0,0,0,2,1035,2321,2051,1838,1743,1716,1472,704,86,5,0,0,0,0,0,11,3271,6983,11021,9617,9221,8790,7751,7929,1819,215,126,66,21,4,2,32,4644,10706,15414,17042,23286,19822,13219,15419,6683,110,2,2,1,0,0,22,4817,11731,16341,20845,32018,27985,17829,22242,15919,105,5,7,5,2,0,56,12491,13739,17350,21515,32265,28321,18188,27112,24658,284,7,2,0,0,0,109,18983,15963,16625,18600,23355,20924,20057,31774,26334,512,3,0,0,0,0,95,14148,12740,13065,14356,18207,19091,22851,41941,21482,465,4,0,0,0,0,65,11137,12401,12826,15589,22286,21253,22705,35205,20204,559,92,59,46,26,15,113,14715,10939,10592,14127,22637,23216,19013,25878,16880,375,18,14,5,4,3,144,16360,10973,10147,13006,20498,19054,13322,18267,13162,158,25,12,14,0,1,85,7549,7691,8517,10700,15074,13145,10815,15997,16485,554,81,32,19,17,11,16,2913,6495,7273,10314,13556,10325,8131,12726,10496,163,70,35,27,35,35,23,4244,5165,5210,7917,9749,7085,5587,6221,2850,51,37,24,42,18,8,7,1506,1555,1490,1953,2344,1547,888,367,14,2,0,0,0,0,0,0,0,0,0,0,0,0,0,0,0,0,0,0,0,0,0,0,112,294,154,95,102,71,164,183,80,0,0,0,0,0,0,1,780,2095,2214,2941,5942,4682,1439,1046,136,29,12,9,5,2,0,2,1851,3602,5023,7144,14631,11146,4938,3607,1604,42,5,4,4,3,2,40,5839,6766,7892,12807,21048,12313,8501,13934,5492,275,122,73,45,19,10,42,6849,10486,18197,21150,30227,18799,12078,14657,7738,331,156,82,41,14,12,6,7333,12985,17963,25322,35138,27037,20147,23379,13617,528,173,85,85,68,51,44,12919,14198,14276,19220,27434,28454,25974,35789,25551,798,0,0,0,0,0,133,17517,16433,16807,19493,24599,27388,27720,32392,22259,513,0,0,0,0,0,158,22728,13295,14375,16919,21495,21806,19121,36199,31275,292,1,0,0,0,0,78,10681,11571,13326,15618,19331,19194,16857,35539,39444,527,0,0,0,0,0,47,6882,12297,13315,15113,20014,20065,16428,30551,22731,214,1,0,0,0,0,41,7195,12250,11964,11723,15205,17493,15806,23842,6541,9,0,0,0,0,0,99,10009,9501,8582,7580,9117,11467,10702,9854,571,0,0,0,0,0,0,89,7118,3629,3834,2294,1956,2359,1953,810,33,0,0,0,0,0,0,0,0,0,0,0,0,0,0,0,0,0,0,0,0,0,0,0,0,0,0,0,0,0,0,0,0,0,0,0,0,0,0
0,0,0,0,0,0,0,0,0,0,0,0,0,0,0,0,0,279,1068,1097,1131,1011,526,203,107,52,29,10,1,0,0,0,9,4380,7509,8162,9112,9893,7731,4696,2737,1075,152,96,59,28,8,0,45,8547,11955,12237,15309,17169,15245,11433,10130,8512,752,33,40,39,18,14,8,6497,12104,14107,17647,22048,20737,15323,14090,18039,6258,126,9,11,6,6,16,7272,11591,12175,16099,21497,20614,19025,18440,28276,11326,513,94,36,28,29,17,8879,11033,12044,15447,20682,21406,22012,24201,30745,10920,851,37,10,10,7,54,18834,23274,21889,22070,24769,23580,20266,15088,6750,3571,603,23,7,10,3,33,16308,26709,22329,20445,23057,23623,20134,16075,8469,4077,233,16,10,9,4,19,8837,9980,10358,15068,21191,22696,21384,25686,33328,9498,568,53,25,22,10,5,6551,10091,10512,14504,21521,22755,20700,19220,29419,9773,365,53,13,9,11,7,8914,13326,12419,15170,20356,19590,15143,14804,18424,5703,387,15,7,4,0,12,10977,12316,10844,11376,14515,15101,11143,9715,6641,1139,53,22,9,10,1,17,4711,8226,7051,6712,7714,6325,3395,1452,352,171,97,49,26,5,0,2,244,203,172,252,240,60,16,0,0,0,0,0,0,0,0,0,0,0,0,0,0,0,0,0,0,0,0,0,0,0,0,0,0,0,0,0,0,0,0,0,0,0,0,0,0,0,0,0,179,1643,2950,2257,1603,1570,1386,888,394,100,3,0,0,0,0,0,984,6942,10857,10825,9126,8400,8004,7347,3824,528,10,0,0,0,0,3,4166,12678,16369,20195,22142,17591,12357,10768,8410,1622,77,4,0,0,0,2,5345,13862,16956,21769,28036,28010,20710,16401,13231,5231,316,4,0,0,0,17,11536,18225,18733,22419,29116,27761,20331,18304,18914,9619,974,38,1,0,0,12,15930,23675,17928,18617,21269,20745,20691,19447,21607,11884,1333,99,2,0,0,32,12919,18021,13437,14091,17236,18066,21457,27035,27988,7918,191,21,17,8,5,11,13678,16026,13605,15490,20024,20209,19056,22253,29815,3913,126,89,52,44,36,61,14264,13355,11962,13827,20073,22246,19641,16783,22429,3421,217,108,67,34,17,56,14618,12468,10564,12970,18797,19581,15293,11496,15959,3268,37,17,12,6,3,23,5528,7286,7632,10165,14620,14407,11010,10301,15282,10010,470,30,16,6,0,14,4212,6727,6993,9268,13009,11963,8621,6921,9421,5253,143,31,32,22,16,6,4708,6045,5739,7145,9150,8313,5872,3738,2808,602,38,30,22,19,8,7,3163,2432,1671,1304,1462,1127,444,63,0,0,0,0,0,0,0,0,0,0,0,0,0,0,0,0,0,0,0,0,0,0,0,0,2,225,379,168,109,93,211,66,1,1,0,0,0,0,0,0,248,1598,2240,3856,6139,4523,1936,646,98,30,14,4,1,0,0,1,1875,5882,5745,8870,12535,10212,6058,2142,264,16,2,5,1,0,0,9,4593,9265,8806,12293,17318,13788,13048,11274,3775,540,120,97,72,62,49,0,3775,12999,18452,23312,27551,21418,15339,11423,5632,755,104,33,23,24,15,4,5960,14595,19842,27759,35018,28797,20680,16638,11769,2601,163,65,50,29,16,18,9885,17279,16724,19949,25411,27334,26389,26551,25002,9511,534,33,19,11,5,15,11140,20345,19918,19885,22968,25041,24178,24395,24261,12332,702,50,21,3,0,15,12932,15458,16409,18329,21167,22760,18987,20649,34233,15771,841,73,30,10,0,28,8457,14237,14320,14807,18055,19981,16553,16661,42326,16034,690,14,3,0,0,26,12617,17937,14099,13750,17343,19162,15673,15283,26065,4872,733,97,1,0,0,59,18640,15714,9823,9413,12185,14457,13097,14391,13367,891,32,0,0,0,0,50,14585,10102,6454,6070,7782,9643,9840,9870,3072,14,0,0,0,0,0,19,6521,3749,2185,1881,2082,2780,2884,1756,217,1,0,0,0,0,0,0,0,0,0,0,0,0,0,0,0,0,0,0,0,0,0,0,0,0,0,0,0,0,0,0,0,0,0,0,0,0,0
0,0,0,0,0,0,0,0,0,0,0,0,0,0,0,0,5,1034,1374,902,817,775,410,155,38,4,0,0,0,0,0,0,77,10372,9030,7428,6417,7795,6203,3980,2958,1315,72,0,0,0,0,0,195,13642,12484,12128,11859,14367,13875,10721,11073,10294,770,38,21,14,3,0,17,9664,12120,12621,13988,19082,19331,15290,19525,22529,2668,76,52,27,20,7,29,10490,9576,10532,12995,19756,22813,20243,23932,32705,3375,127,103,77,71,50,38,14843,11442,11032,13159,18156,21788,19844,27551,34724,5500,124,50,28,13,5,55,20610,21100,20775,18625,21655,21554,17868,20922,12645,4752,99,36,27,16,14,33,23833,21121,17522,17523,21479,23570,18618,19245,13130,5361,83,10,5,1,0,64,14581,11536,10969,13126,18337,21974,19358,27025,35897,5702,57,33,26,22,12,16,9250,10035,10129,12173,18645,23170,20764,24625,33519,3101,37,27,17,7,5,16,8315,12122,11991,13241,18826,19390,15068,19011,23989,2249,27,15,7,2,0,14,6246,11589,11771,11994,15301,15140,10907,11386,8864,650,6,2,3,1,0,9,2970,10010,9537,6799,6874,5082,2767,1818,437,0,0,0,0,0,0,20,197,462,325,150,33,1,1,0,0,0,0,0,0,0,0,0,0,0,0,0,0,0,0,0,0,0,0,0,0,0,0,0,0,0,0,0,0,0,0,0,0,0,0,0,0,0,0,1,760,1541,1828,1967,1797,1764,1806,1160,278,46,19,5,1,0,0,4,3363,8389,10639,8973,8323,8025,6841,7795,4322,138,16,9,6,2,1,16,8945,13168,14897,14866,17176,18544,12736,12890,12368,712,29,21,9,4,0,6,9340,15695,17644,18781,24685,28076,18178,17911,17641,1879,24,7,5,1,0,28,13764,16129,16968,18895,25624,29995,20144,22405,27748,4180,62,24,14,4,3,129,23159,20354,15790,15307,18560,18844,17023,25302,30713,7909,94,22,10,12,8,158,19114,14995,12197,11615,14852,15515,18021,30753,35792,4980,117,80,75,51,44,54,17354,15769,13492,13374,17761,19305,18431,24886,29601,4084,104,66,35,35,13,53,15490,13429,11417,12334,18709,21883,20692,21824,19424,3159,56,26,19,13,2,54,14543,12461,10669,11157,17645,19020,16700,15881,15273,1620,43,29,16,12,5,24,7237,7218,8320,9917,13655,14026,11004,13595,18114,3577,49,26,15,5,3,12,3952,6304,7223,8252,11710,10741,8184,9849,14735,1652,27,8,3,0,0,18,5406,6166,5380,6183,8811,7655,5437,4742,4031,264,34,26,23,17,14,31,3620,2383,1198,1245,1773,908,387,116,12,0,0,0,0,0,0,0,0,0,0,0,0,0,0,0,0,0,0,0,0,0,0,0,166,225,163,123,85,83,147,206,50,5,2,0,0,0,0,0,1176,2012,2082,2904,4537,4775,1788,1291,384,186,97,47,24,15,11,4,3689,5622,5528,6218,10065,11957,5438,3589,1275,138,44,22,11,5,1,79,7767,8972,9078,10065,15224,14687,8260,12368,7716,348,138,132,104,69,31,135,9145,12266,18066,21138,25119,20868,12140,12924,7989,606,123,84,51,53,47,19,10581,16112,18448,22843,29997,26610,19217,21342,16898,1697,107,58,41,14,3,44,13578,18040,17144,17298,23566,25911,24141,27553,32031,5287,59,5,0,0,0,44,17786,19458,16802,16462,20686,23513,24684,27971,30820,6981,47,0,0,0,0,46,21522,16979,14969,14652,18704,21491,20284,25484,36321,7167,45,0,0,0,0,48,13322,15201,14209,13315,16346,19601,18363,24874,39737,7146,4,0,0,0,0,49,13200,14955,12407,11457,15312,17887,15260,20705,32490,3929,6,1,0,0,0,47,16028,12907,10166,8862,11707,14361,13023,16732,17567,667,2,0,0,0,0,36,12243,8376,6576,5772,7677,9864,9655,11261,5979,43,0,0,0,0,0,37,5844,2876,2024,1757,2056,2693,3184,2809,795,0,0,0,0,0,0,0,0,0,0,0,0,0,0,0,0,0,0,0,0,0,0,0,0,0,0,0,0,0,0,0,0,0,0,0,0,0,0
0,0,0,0,0,0,0,0,0,0,0,0,0,0,0,0,0,560,1967,1672,843,362,96,11,1,1,1,0,0,0,0,0,4,4169,9622,9716,7627,10115,6988,3844,2518,967,69,7,1,0,0,0,23,9515,11584,13099,13842,17982,14727,10042,9498,10188,911,28,18,18,6,3,7,7254,10535,13355,16814,23176,21176,15603,14440,20772,3843,18,15,6,4,0,12,7703,8448,10457,13676,21051,22967,18220,20619,39957,3896,35,16,11,1,0,24,13064,10088,11368,14667,20727,24190,19897,26301,34259,3480,90,49,30,29,19,24,15598,18338,20755,23271,27088,24500,18397,19847,10792,2078,33,23,20,12,6,33,14001,17412,22351,22808,26291,25638,18958,19191,12490,2278,36,27,8,7,5,27,12790,10250,11745,14330,20313,24595,19181,25121,36838,3057,158,107,87,74,37,7,8944,9149,11291,14600,21018,23574,17986,19464,36201,3273,11,3,0,0,0,5,7614,12797,13766,16938,22124,19746,14022,14389,20004,2857,4,2,1,0,0,3,6459,12057,12582,12636,15859,14381,10403,9883,9008,578,18,3,4,0,0,0,3015,9088,7819,6293,8163,6067,3326,1961,549,22,0,0,0,0,0,0,112,681,353,38,5,0,0,0,0,0,0,0,0,0,0,0,0,0,0,0,0,0,0,0,0,0,0,0,0,0,0,0,0,0,0,0,0,0,0,0,0,0,0,0,0,0,0,0,310,1877,2599,2269,1672,1653,1518,908,167,0,0,0,0,0,0,2,1399,5525,11279,11571,9630,8358,7445,8246,3354,38,0,0,0,0,0,3,2656,10332,16219,18450,21783,21187,13427,11917,10030,376,2,0,0,0,0,3,4542,11876,17806,20896,27683,30062,18463,15840,20426,2244,10,8,1,6,4,5,10971,14096,17198,21195,29146,30252,18915,18138,31735,4266,26,11,12,5,7,17,15850,19136,16796,17751,23134,22595,17557,22657,31660,5987,32,22,17,14,5,19,13728,15751,13918,14339,17909,17642,18039,28659,34275,4158,7,1,0,0,0,9,12033,14017,14259,15760,21900,21267,18208,22967,30857,3004,92,58,33,15,2,34,15365,13192,12977,14013,21984,22092,19067,18026,19751,1830,86,52,30,21,9,26,15196,11775,10907,13001,21076,19183,13047,13304,16217,1127,89,57,46,45,25,27,7001,9033,9539,11029,15360,13942,10228,11245,17563,1625,81,46,32,18,12,12,4819,7618,8470,9395,12331,11067,8055,7214,12263,1397,3,2,3,1,1,9,5133,5884,6676,7040,8488,7678,5321,3952,3722,291,10,7,11,8,5,3,1795,1904,1686,1674,2178,1667,600,160,6,0,0,0,0,0,0,0,0,0,0,0,0,0,0,0,0,0,0,0,0,0,0,0,58,321,225,123,79,66,81,129,134,14,3,5,4,1,4,0,1362,2219,2025,2757,4619,5461,1442,961,280,72,46,25,19,19,12,0,2283,3702,4472,5960,10539,13728,6241,3949,2467,222,18,14,8,5,0,7,3346,5582,8352,11479,18159,16382,8197,10989,11744,734,100,60,33,16,2,17,3582,7164,15262,22408,31295,23919,12607,12910,10747,510,132,94,73,71,42,3,6329,12959,17224,23942,34693,29109,20017,19904,17784,1774,103,62,48,21,10,6,11873,16999,17970,19854,26596,27964,23623,25712,29726,4314,17,3,0,0,0,13,17231,20024,19505,18295,21662,24239,24089,25659,30412,4114,11,0,0,0,0,31,21547,16945,17628,17340,21399,22197,17852,20359,38108,4257,1,0,0,0,0,17,9857,13804,15343,15318,18962,18905,15345,18809,47125,8676,5,0,0,0,0,12,8399,15284,15549,15188,18869,19173,15505,18073,30052,1551,2,1,0,0,0,15,10651,14143,13429,12720,14482,15110,13552,16139,11724,104,0,0,0,0,0,32,10132,9153,9017,9171,10065,9847,9486,8879,1699,1,0,0,0,0,0,16,4148,3717,4328,3828,2855,2545,1853,761,24,0,0,0,0,0,0,0,0,0,0,0,0,0,0,0,0,0,0,0,0,0,0,0,0,0,0,0,0,0,0,0,0,0,0,0,0,0,0
0,0,0,0,0,0,0,0,0,0,0,0,0,0,0,0,0,146,574,1261,2289,999,189,51,5,0,0,0,0,0,0,0,22,969,3716,8918,18855,11109,5129,4164,2679,86,0,0,0,0,0,0,150,1375,5371,13124,32663,24070,11064,9833,12261,1571,2,0,0,0,0,0,1,678,4294,11029,35605,31842,15821,13733,23882,10095,29,4,3,2,0,0,1,1050,3797,9929,33455,32163,18978,18754,28635,20159,101,15,13,8,5,3,4,2062,4117,9522,26523,31074,20201,22128,38454,23816,307,26,16,14,12,12,18,4175,8420,17693,41057,39254,24357,21348,14997,9138,306,9,5,7,6,7,3,2929,7684,15923,41000,40418,23825,23731,16622,9103,237,29,15,13,4,1,1,2581,5077,10179,28385,31333,19119,20474,38576,22804,130,17,19,10,11,12,15,1769,4088,9525,32926,30654,18615,18423,29598,19758,111,12,10,7,5,0,58,1850,4359,11330,34816,30716,14702,12691,23001,10707,36,3,0,0,0,0,67,1337,3932,10279,28635,23016,11393,10210,13025,1839,64,39,27,7,3,1,1,270,2358,6367,16706,10595,4536,3506,1911,53,0,0,0,0,0,0,0,10,182,351,425,182,39,0,0,0,0,0,0,0,0,0,0,0,0,0,0,0,0,0,0,0,0,0,0,0,0,0,0,0,0,0,0,0,0,0,0,0,0,0,0,0,0,0,0,375,2139,3125,2737,2471,1508,508,96,14,0,0,0,0,0,0,0,829,4579,9554,15886,14477,8507,7252,5583,180,0,0,0,0,0,0,2,1627,4635,12027,34018,32038,14231,11145,14637,2022,0,0,0,0,0,0,5,2283,5027,12198,40667,46618,19297,15528,20734,7510,6,0,0,0,0,0,27,2442,5545,13851,41801,45105,20314,19051,29042,18729,81,0,0,0,0,0,254,5562,8144,13943,36334,35746,22395,22851,27362,20402,243,3,0,0,0,0,43,2899,4935,10892,29332,29181,21672,27856,36458,15113,64,0,0,0,0,0,3,1762,4724,11894,35181,30729,19492,23263,33229,14165,32,4,2,0,1,0,3,1051,4048,11818,37962,29263,21075,18016,22571,12126,226,129,94,55,36,25,1,707,4840,12446,33870,26101,15801,11891,17420,11928,130,7,2,1,0,0,3,842,3529,8012,23169,18289,9622,9164,17629,16060,467,0,0,0,0,0,0,393,2714,7357,22320,14738,7582,6815,11423,9224,63,4,5,6,3,4,0,289,2342,6465,15997,10129,5255,4906,7176,1648,11,7,5,6,6,7,0,140,768,1848,4066,2540,1217,800,286,8,0,0,0,0,0,0,0,0,0,0,0,0,0,0,0,0,0,0,0,0,0,0,0,302,174,146,185,119,265,57,5,1,0,1,0,0,0,0,4,1019,1902,3156,7159,5387,1972,565,147,22,0,0,0,0,0,0,41,2052,3050,5321,15434,16902,7179,2966,527,69,36,20,8,3,0,0,88,2139,3469,8175,25061,21384,10605,16626,7464,68,43,28,22,5,4,1,188,2614,5552,16577,42494,35858,14830,14592,7818,192,44,35,19,22,13,15,1,916,4580,15099,52449,44473,23616,20206,18897,3407,105,69,59,38,29,20,7,1850,5574,13011,40348,36521,27462,25183,37241,17288,171,1,0,0,0,0,6,1783,5799,12707,36204,35965,25356,26093,35215,25549,577,0,0,0,0,0,2,2184,6027,12901,34903,34774,20368,18831,33924,33454,296,0,0,0,0,0,0,965,5126,10968,30923,29661,15390,14391,38596,36096,50,0,0,0,0,0,0,1115,4340,11158,34327,30586,15636,14754,34412,11329,1,0,0,0,0,0,0,1364,4822,11741,27749,24803,13447,13518,22988,1637,0,0,0,0,0,0,2,1418,4651,9686,19912,16255,9541,9728,6272,17,0,0,0,0,0,0,2,1480,2903,4784,6192,4737,2301,1536,140,0,0,0,0,0,0,0,0,0,0,0,0,0,0,0,0,0,0,0,0,0,0,0,0,0,0,0,0,0,0,0,0,0,0,0,0,0,0,0
0,0,0,0,0,0,0,0,0,0,0,0,0,0,0,0,0,143,936,1576,2032,689,116,22,0,0,0,0,0,0,0,0,3,994,4392,9257,18488,11735,4406,3289,2457,620,6,0,0,0,0,0,7,1628,6536,13962,27638,24024,10663,8690,11029,7210,97,0,0,0,0,0,7,1625,5508,13416,31359,30985,15469,11877,14487,21186,1089,8,2,0,0,0,17,3302,5129,9918,25635,30678,18788,16106,19568,35617,2285,15,4,3,2,1,12,3845,5665,10437,23435,29870,20608,19080,26990,34414,3919,19,7,1,0,0,19,8398,11767,20254,36150,38246,22694,19106,13343,8417,2343,33,13,9,6,0,18,6676,11697,20787,35543,36167,22664,20116,15865,9626,2349,13,11,2,2,0,10,2799,5635,10118,23984,30103,18999,18212,29518,36470,2778,40,28,14,9,12,4,2425,5118,10382,27841,30584,18281,15244,18840,35014,1758,11,6,2,0,4,8,2399,6442,13525,31854,31141,14900,11193,13992,17835,980,0,0,0,0,0,15,2251,7050,11672,25406,22811,10115,8567,9762,6172,53,0,0,0,0,0,1,921,5546,8347,14462,9729,3351,2320,1415,211,0,0,0,0,0,0,0,39,331,416,353,50,0,0,0,0,0,0,0,0,0,0,0,0,0,0,0,0,0,0,0,0,0,0,0,0,0,0,0,0,0,0,0,0,0,0,0,0,0,0,0,0,0,0,0,230,1313,2594,3158,2371,1739,1029,509,30,0,0,0,0,0,0,2,1017,4015,9513,13740,13773,8365,6267,7540,2588,27,0,0,0,0,0,2,1734,6165,13634,26482,30976,15184,9992,11500,10520,193,0,0,0,0,0,4,2546,6586,14981,35653,43854,20585,14490,14208,16107,859,0,0,0,0,0,11,4481,8983,16508,37784,43813,20758,16138,18554,26768,2190,0,0,0,0,0,25,8125,12101,17142,31561,32127,18770,19321,18574,31710,3751,10,8,8,6,0,42,5874,8142,12760,25371,27621,19085,22351,29270,26486,1435,8,0,0,0,0,15,5103,8519,14539,30685,29350,17642,18539,24215,25194,645,11,8,2,3,4,5,3106,6918,13905,31706,28149,19882,15723,18261,19838,952,47,21,7,2,4,5,2145,7026,13456,29986,25833,15510,11018,11926,16641,1562,19,13,5,0,0,1,763,3757,8856,21860,19239,9465,8062,10739,19820,4204,15,4,1,0,0,3,836,3500,7960,19248,16000,7491,6098,7283,12616,1568,13,13,6,4,5,2,835,3441,6563,13803,11133,5361,4057,4368,4386,271,16,4,2,4,4,4,650,1286,1656,3143,2573,1217,737,319,88,0,0,0,0,0,0,0,0,0,0,0,0,0,0,0,0,0,0,0,0,0,0,0,155,194,127,159,154,240,184,10,11,7,2,3,5,4,0,2,1494,1392,1959,5975,7346,2279,821,22,16,10,7,5,3,2,0,4,2454,2982,5007,12035,16733,7903,4460,1992,19,1,3,4,2,0,2,36,4927,4664,9929,21608,21014,9830,12769,10060,287,35,12,8,0,1,2,11,3750,6572,18829,39483,33573,14812,10827,10861,2014,51,35,21,12,5,5,1,2254,6820,16185,46109,42612,22196,18087,18329,10962,328,58,24,8,7,8,5,2535,7732,14684,35177,37314,26487,22638,25671,29055,3352,5,2,0,0,0,3,2904,8832,15743,32246,35307,25968,22432,22655,34090,5054,15,4,1,0,0,12,3874,8484,14410,29540,32228,18350,15685,21550,47744,5786,1,0,0,0,0,4,1455,6835,13416,28344,29820,14909,12425,18560,53701,2696,1,0,0,0,0,2,1556,7503,14959,28858,28929,14546,12286,20555,28138,326,0,0,0,0,0,8,3301,8853,14064,23778,23364,12353,11071,18884,6383,10,0,0,0,0,0,14,4067,7658,10379,15668,14076,8877,8611,7760,371,1,0,0,0,0,0,19,2719,3231,4376,5200,4342,2304,1526,357,1,0,0,0,0,0,0,0,0,0,0,0,0,0,0,0,0,0,0,0,0,0,0,0,0,0,0,0,0,0,0,0,0,0,0,0,0,0,0
